Locationary Inc*43.64767*-79.39177*312 Adelaide Street West, Toronto ON
500px*43.647052*-79.392286*317 Adelaide Street West, Toronto ON
Xtreme Labs*43.648964*-79.377802*69 Yonge Street, Toronto ON
OANDA Corporation*43.646268*-79.391708*370 King Street West, Toronto ON
Kobo Books*43.637757*-79.423179*135 Liberty Street, Toronto ON
Acquity Ads*43.783323*-79.416167*5775 Yonge Street Toronto, ON
Intrafinity Inc*43.650442*-79.381063*347 Bay Toronto, ON M5H 2R7
Sunnybrook Research Institute*43.724932*-79.373782*2075 Bayview Ave, Toronto, ON M4N 3M5
Cisco Systems*43.647208*-79.379381*181 Bay Toronto, ON M5J 2T3
Autodesk Canada Co*43.65114*-79.368923*210 King E, York, ON M5A 1J7
NexJ Systems Inc*43.745433*-79.406717*4101 Yonge, North York, ON M2P 1N6
PricewaterhouseCoopers LLP*43.643173*-79.381674*18 York Street Toronto, ON M5V 2T6
Quickplay Media*43.63737*-79.425652*190 Liberty St, Toronto, ON M6K 3L5
Canadian Imperial Bank of Commerce*43.646476*-79.379001*161 Bay Street Toronto, ON
Ontario Institute for Cancer Research*43.659905*-79.388648*101 College, Toronto, ON M5G 1L7
